{"cameraMode":{"drawMode":0,"name":"Shaded","section":"Shading Mode"},"sceneLighting":true,"audioPlay":false,"sceneViewState":{"m_AlwaysRefresh":false,"showFog":true,"showSkybox":true,"showFlares":true,"showImageEffects":true,"showParticleSystems":true,"showVisualEffectGraphs":true,"m_FxEnabled":true},"in2DMode":false,"pivot":{"x":14.860888481140137,"y":3.9127445220947267,"z":-2.362712860107422},"rotation":{"x":-0.34266480803489687,"y":0.22025787830352784,"z":-0.08298112452030182,"w":-0.9095081686973572},"size":9.962560653686524,"orthographic":false}