{"cameraMode":{"drawMode":0,"name":"Shaded","section":"Shading Mode"},"sceneLighting":true,"audioPlay":false,"sceneViewState":{"m_AlwaysRefresh":false,"showFog":true,"showSkybox":true,"showFlares":true,"showImageEffects":true,"showParticleSystems":true,"showVisualEffectGraphs":true,"m_FxEnabled":true},"in2DMode":false,"pivot":{"x":0.021656036376953126,"y":4.143362045288086,"z":0.021598637104034425},"rotation":{"x":-0.45902618765830996,"y":0.25965794920921328,"z":-0.1422942876815796,"w":-0.8376325368881226},"size":28.645402908325197,"orthographic":false}