{"cameraMode":{"drawMode":0,"name":"Shaded","section":"Shading Mode"},"sceneLighting":false,"audioPlay":false,"sceneViewState":{"m_AlwaysRefresh":false,"showFog":true,"showSkybox":false,"showFlares":true,"showImageEffects":true,"showParticleSystems":true,"showVisualEffectGraphs":true,"m_FxEnabled":true},"in2DMode":false,"pivot":{"x":22.232763290405275,"y":2.5202040672302248,"z":-0.4614853858947754},"rotation":{"x":-0.4241703450679779,"y":0.03041551634669304,"z":-0.014256301335990429,"w":-0.9049599766731262},"size":3.9762113094329836,"orthographic":false}