{"cameraMode":{"drawMode":0,"name":"Shaded","section":"Shading Mode"},"sceneLighting":false,"audioPlay":false,"sceneViewState":{"m_AlwaysRefresh":false,"showFog":true,"showSkybox":false,"showFlares":true,"showImageEffects":true,"showParticleSystems":true,"showVisualEffectGraphs":true,"m_FxEnabled":true},"in2DMode":false,"pivot":{"x":0.021656036376953126,"y":2.1133623123168947,"z":0.2537904977798462},"rotation":{"x":-0.45902618765830996,"y":0.25965794920921328,"z":-0.1422942876815796,"w":-0.8376325368881226},"size":0.8660253882408142,"orthographic":false}